id,feature_00,feature_01,feature_02,label
1,1.6680773978214032,-0.903902455,6.661496229171176,0
2,0.7017820066004041,1.9789541930566035,5.826137181850707,0
3,1.6970145189310326,-1.667527426,-1.589981977,0
4,4.427524335645055,-1.543700586,6.2987092866052485,1
5,-1.841556791,-3.555829705,-2.888636102,0
6,9.277801058644444,-1.341497713,-1.220330611,1
7,-1.269983379,-4.658564205,1.0240388248822088,1
8,-1.445838743,-6.417109212,0.13496971458012474,0