id,feature_00,feature_01,feature_02,feature_03,feature_04,feature_05,feature_06,feature_07,feature_08,feature_09,label
1,1.6680773978214032,-0.903902455,6.661496229171176,-4.185848058,-7.870605371,-0.599723509,-1.467719842,7.3825336855477754,0.000766664,-3.840316103,0
2,0.7017820066004041,1.9789541930566035,5.826137181850707,-0.757963936,1.580169980009473,-0.112277655,0.9819033520304716,1.5396959359802622,-3.948306903,-5.153774884,0
3,1.6970145189310326,-1.667527426,-1.589981977,1.8905231059811045,4.281876486081443,-0.093636453,-3.223840691,-4.470928036,-2.695416656,0.679421965,0
4,4.427524335645055,-1.543700586,6.2987092866052485,1.5731597718867816,2.1807539938747635,0.5684604986711841,2.951031054177831,3.2047619792394975,2.7748850485994576,-0.350210287,1
5,-1.841556791,-3.555829705,-2.888636102,1.6717121471009504,2.1268317649962336,-2.366030246,3.663286795354385,1.874849640925531,-3.07956342,3.754909854452097,0
6,9.277801058644444,-1.341497713,-1.220330611,7.893475896650289,-5.727984282,-2.254935616,-0.316063231,-1.94646686,3.928268220391761,-2.264062592,1
7,-1.269983379,-4.658564205,1.0240388248822088,-3.079121545,-6.01188865,4.211106474464155,-3.134715134,-1.324951375,3.055251207032563,-1.615281986,1
8,-1.445838743,-6.417109212,0.13496971458012474,-3.845642178,5.731589489795174,-5.108293269,4.424633283944841,-0.77784589,5.422475840381417,-5.048482888,0